{
    "materials":[{
        "colorSpecular":[0.5,0.5,0.5],
        "shading":"phong",
        "DbgColor":15658734,
        "mapDiffuseRepeat":[1,1],
        "blending":"NormalBlending",
        "colorDiffuse":[0.64,0.64,0.64],
        "transparent":false,
        "mapDiffuseAnisotropy":1,
        "wireframe":false,
        "depthTest":true,
        "colorEmissive":[0,0,0],
        "visible":true,
        "specularCoef":50,
        "mapDiffuseWrap":["RepeatWrapping","RepeatWrapping"],
        "opacity":1,
        "DbgName":"ball",
        "mapDiffuse":"ball.png",
        "DbgIndex":0,
        "depthWrite":true
    }],
    "skinWeights":[],
    "uvs":[[0.248707,0.844099,0.193936,0.680686,0.324993,0.713788,0.127333,0.543157,0.04775,0.680684,0.331147,0.911137,0.203892,1,0.119092,0.857572,0.017115,0.536898,0.443639,0.442899,0.404492,0.536898,0.335396,0.370986,0.661592,0.26845,0.558994,0.370988,0.558994,0.16591,0.75145,0.153584,0.881332,0.146536,0.801977,0.319609,0.108244,0.4429,1e-06,0.370991,0.095488,0.26845,0.797299,0.997247,0.714222,0.863745,0.860317,0.856507,0.430883,0.268448,0.670791,0.10254,0.671855,0.280037,0.223598,0.370988,0.910844,0.690482,0.780962,0.683434,0.86204,0.536898,0.662294,0.844097,0.604589,1,0.543201,0.857572,0.534961,0.543157,0.614544,0.680684,0.468358,0.680686,0.108243,0.093999,0.069096,0,0.207286,0,0.326196,0.268448,0.223598,0.16591,0.335396,0.102538,0.331147,0.911137,0.337301,0.713789,0.413586,0.844099,0.408642,0.536899,0.458402,1,0.991503,0.619404,0.715946,0.544137,0.662294,0.702798,0,0.165912,0.738596,0.460349,0.864995,0.460349,0.645178,0.536898,0.542681,0,0.443639,0.093998,0.335396,0.165907,0.990438,0.816935,0.670791,0.082506,0.948072,0.326848,1,0.1659,0.923698,0.997247,0.335396,0.434358,0.207286,0.536898,0.057705,1,0,0.844097,0.800254,0,0.946348,0.00724,0.670791,0.434359,0.542682,0.536898,0.253651,0.536899]],
    "skinIndices":[],
    "normals":[0.102381,0.31509,0.943523,0.700224,0.268032,0.661699,-0.268034,0.194736,0.943523,-0.268034,-0.194737,0.943523,0.102381,-0.31509,0.943523,0.904989,0.268032,0.330385,0.024747,0.943521,0.330386,-0.889697,0.315095,0.330385,-0.574602,-0.748784,0.330388,0.534576,-0.777865,0.330386,0.802609,0.583126,0.125627,-0.306569,0.943522,0.125629,-0.992077,0,0.125628,-0.306569,-0.943522,0.125629,0.802609,-0.583126,0.125627,0.408946,0.628425,-0.661699,-0.4713,0.583122,-0.661699,-0.700224,-0.268032,-0.661699,0.03853,-0.748779,-0.661699,0.724042,-0.194736,-0.661695,0.268034,-0.194737,-0.943523,0.491119,-0.356821,-0.794657,0.408946,-0.628425,-0.661698,-0.102381,-0.31509,-0.943523,-0.187594,-0.577345,-0.794658,-0.4713,-0.583122,-0.661699,-0.331305,0,-0.943524,-0.60706,0,-0.794656,-0.700224,0.268032,-0.661699,-0.102381,0.31509,-0.943523,-0.187594,0.577345,-0.794658,0.038531,0.748779,-0.661699,0.268034,0.194737,-0.943523,0.491119,0.356821,-0.794657,0.724042,0.194736,-0.661695,0.889697,-0.315095,-0.330385,0.794656,-0.577348,-0.187595,0.574602,-0.748784,-0.330388,-0.024747,-0.943521,-0.330386,-0.303531,-0.934171,-0.187597,-0.534576,-0.777865,-0.330387,-0.904989,-0.268031,-0.330385,-0.982246,0,-0.187599,-0.904989,0.268031,-0.330385,-0.534576,0.777865,-0.330386,-0.303531,0.934171,-0.187597,-0.024747,0.943521,-0.330386,0.574602,0.748784,-0.330388,0.794656,0.577348,-0.187595,0.889697,0.315095,-0.330385,0.306569,-0.943522,-0.125629,0.303531,-0.934171,0.187597,0.024747,-0.943521,0.330386,-0.802609,-0.583126,-0.125627,-0.794656,-0.577348,0.187595,-0.889697,-0.315095,0.330385,-0.802609,0.583126,-0.125627,-0.794656,0.577348,0.187595,-0.574602,0.748784,0.330388,0.306569,0.943522,-0.125629,0.303531,0.934171,0.187597,0.534576,0.777865,0.330387,0.992077,-0,-0.125628,0.982246,0,0.187599,0.904989,-0.268031,0.330385,0.4713,-0.583122,0.661699,0.187594,-0.577345,0.794658,-0.03853,-0.748779,0.661699,-0.408946,-0.628425,0.661698,-0.491119,-0.356821,0.794657,-0.724042,-0.194736,0.661695,-0.724042,0.194736,0.661695,-0.491119,0.356821,0.794657,-0.408946,0.628425,0.661698,0.700224,-0.268032,0.661699,0.60706,0,0.794656,0.331305,0,0.943524,-0.03853,0.748779,0.661699,0.187594,0.577345,0.794658,0.4713,0.583122,0.661699],
    "metadata":{
        "uvs":1,
        "version":3,
        "normals":80,
        "type":"Geometry",
        "faces":80,
        "materials":1,
        "generator":"io_three",
        "vertices":42
    },
    "faces":[42,0,13,12,0,0,1,2,0,0,0,42,1,13,15,0,3,1,4,1,1,1,42,0,12,17,0,0,2,5,2,2,2,42,0,17,19,0,0,5,6,3,3,3,42,0,19,16,0,0,6,7,4,4,4,42,1,15,22,0,3,4,8,5,5,5,42,2,14,24,0,9,10,11,6,6,6,42,3,18,26,0,12,13,14,7,7,7,42,4,20,28,0,15,16,17,8,8,8,42,5,21,30,0,18,19,20,9,9,9,42,1,22,25,0,21,22,23,10,10,10,42,2,24,27,0,9,11,24,11,11,11,42,3,26,29,0,12,14,25,12,12,12,42,4,28,31,0,15,17,26,13,13,13,42,5,30,23,0,18,20,27,14,14,14,42,6,32,37,0,28,29,30,15,15,15,42,7,33,39,0,31,32,33,16,16,16,42,8,34,40,0,34,35,36,17,17,17,42,9,35,41,0,37,38,39,18,18,18,42,10,36,38,0,40,41,42,19,19,19,42,38,41,11,0,43,44,45,20,20,20,42,38,36,41,0,42,41,39,21,21,21,42,36,9,41,0,41,37,39,22,22,22,42,41,40,11,0,44,36,45,23,23,23,42,41,35,40,0,44,46,36,24,24,24,42,35,8,40,0,46,34,36,25,25,25,42,40,39,11,0,36,33,45,26,26,26,42,40,34,39,0,36,35,33,27,27,27,42,34,7,39,0,35,31,33,28,28,28,42,39,37,11,0,33,47,45,29,29,29,42,39,33,37,0,33,32,47,30,30,30,42,33,6,37,0,48,28,30,31,31,31,42,37,38,11,0,47,43,45,32,32,32,42,37,32,38,0,30,29,49,33,33,33,42,32,10,38,0,29,50,49,34,34,34,42,23,36,10,0,27,41,40,35,35,35,42,23,30,36,0,27,20,41,36,36,36,42,30,9,36,0,20,37,41,37,37,37,42,31,35,9,0,51,38,37,38,38,38,42,31,28,35,0,26,17,52,39,39,39,42,28,8,35,0,17,53,52,40,40,40,42,29,34,8,0,54,35,34,41,41,41,42,29,26,34,0,25,14,55,42,42,42,42,26,7,34,0,14,56,55,43,43,43,42,27,33,7,0,24,57,56,44,44,44,42,27,24,33,0,24,11,57,45,45,45,42,24,6,33,0,58,28,48,46,46,46,42,25,32,6,0,23,29,28,47,47,47,42,25,22,32,0,23,22,29,48,48,48,42,22,10,32,0,22,50,29,49,49,49,42,30,31,9,0,20,51,37,50,50,50,42,30,21,31,0,20,19,51,51,51,51,42,21,4,31,0,59,15,26,52,52,52,42,28,29,8,0,17,60,53,53,53,53,42,28,20,29,0,17,16,60,54,54,54,42,20,3,29,0,16,61,60,55,55,55,42,26,27,7,0,14,24,56,56,56,56,42,26,18,27,0,14,13,24,57,57,57,42,18,2,27,0,13,9,24,58,58,58,42,24,25,6,0,58,23,28,59,59,59,42,24,14,25,0,58,62,23,60,60,60,42,14,1,25,0,62,21,23,61,61,61,42,22,23,10,0,63,27,40,62,62,62,42,22,15,23,0,63,64,27,63,63,63,42,15,5,23,0,64,18,27,64,64,64,42,16,21,5,0,7,65,66,65,65,65,42,16,19,21,0,7,6,65,66,66,66,42,19,4,21,0,67,15,59,67,67,67,42,19,20,4,0,67,16,15,68,68,68,42,19,17,20,0,67,68,16,69,69,69,42,17,3,20,0,68,61,16,70,70,70,42,17,18,3,0,69,13,12,71,71,71,42,17,12,18,0,69,70,13,72,72,72,42,12,2,18,0,70,9,13,73,73,73,42,15,16,5,0,4,7,66,74,74,74,42,15,13,16,0,4,1,7,75,75,75,42,13,0,16,0,1,0,7,76,76,76,42,12,14,2,0,70,10,9,77,77,77,42,12,13,14,0,2,1,71,78,78,78,42,13,1,14,0,1,3,71,79,79,79],
    "name":"IcosphereGeometry.1",
    "influencesPerVertex":2,
    "vertices":[0,0.421281,-0,0.723607,0.974061,0.525725,-0.276388,0.974061,0.850649,-0.894426,0.974065,-0,-0.276388,0.974061,-0.850649,0.723607,0.974061,-0.525725,0.276388,1.8685,0.850649,-0.723607,1.8685,0.525725,-0.723607,1.8685,-0.525725,0.276388,1.8685,-0.850649,0.894426,1.8685,-0,0,2.42128,-0,-0.162456,0.570626,0.499995,0.425323,0.570627,0.309011,0.262869,0.895543,0.809012,0.850648,0.895545,-0,0.425323,0.570627,-0.309011,-0.52573,0.570629,-0,-0.688189,0.895545,0.499997,-0.162456,0.570626,-0.499995,-0.688189,0.895545,-0.499997,0.262869,0.895543,-0.809012,0.951058,1.42128,0.309013,0.951058,1.42128,-0.309013,0,1.42128,1,0.587786,1.42128,0.809017,-0.951058,1.42128,0.309013,-0.587786,1.42128,0.809017,-0.587786,1.42128,-0.809017,-0.951058,1.42128,-0.309013,0.587786,1.42128,-0.809017,0,1.42128,-1,0.688189,1.94702,0.499997,-0.262869,1.94702,0.809012,-0.850648,1.94702,-0,-0.262869,1.94702,-0.809012,0.688189,1.94702,-0.499997,0.162456,2.27194,0.499995,0.52573,2.27193,-0,-0.425323,2.27194,0.309011,-0.425323,2.27194,-0.309011,0.162456,2.27194,-0.499995]
}