{
    "influencesPerVertex":2,
    "uvs":[],
    "vertices":[0,1.51604,-1,1,1.51604,-0,-0,1.51604,1,0,3.51604,-0,-1,1.51604,-0,-1,-3.1377,1,-1,-1.1377,1,-1,-3.1377,-1,-1,-1.1377,-1,1,-3.1377,1,1,-1.1377,1,1,-3.1377,-1,1,-1.1377,-1,0,-0.90268,0,0.7236,-0.349895,0.52572,-0.276385,-0.349895,0.85064,-0.894425,-0.349895,0,-0.276385,-0.349895,-0.85064,0.7236,-0.349895,-0.52572,0.276385,0.544535,0.85064,-0.7236,0.544535,0.52572,-0.7236,0.544535,-0.52572,0.276385,0.544535,-0.85064,0.894425,0.544535,-0,0,1.09732,-0],
    "materials":[{
        "transparent":false,
        "opacity":1,
        "DbgColor":15658734,
        "colorDiffuse":[0.64,0.64,0.64],
        "shading":"phong",
        "colorEmissive":[0,0,0],
        "blending":"NormalBlending",
        "specularCoef":50,
        "depthTest":true,
        "colorSpecular":[0.5,0.5,0.5],
        "depthWrite":true,
        "wireframe":false,
        "DbgIndex":0,
        "DbgName":"Material.001",
        "visible":true
    }],
    "skinWeights":[1,0,1,0,1,0,1,0,1,0,1,0,1,0,1,0,1,0,1,0,1,0,1,0,1,0,1,0,1,0,1,0,1,0,1,0,1,0,1,0,1,0,1,0,1,0,1,0,1,0],
    "skinIndices":[2,0,2,0,2,0,2,0,2,0,0,0,0,0,0,0,0,0,0,0,0,0,0,0,0,0,1,0,1,0,1,0,1,0,1,0,1,0,1,0,1,0,1,0,1,0,1,0,1,0],
    "faces":[34,0,3,1,0,0,0,0,34,1,3,2,0,1,1,1,34,2,3,4,0,2,2,2,34,4,3,0,0,3,3,3,35,0,1,2,4,0,4,4,4,4,35,6,8,7,5,0,5,5,5,5,35,8,12,11,7,0,6,6,6,6,35,12,10,9,11,0,7,7,7,7,35,10,6,5,9,0,8,8,8,8,35,5,7,11,9,0,9,9,9,9,35,10,12,8,6,0,10,10,10,10,34,13,14,15,0,11,11,11,34,14,13,18,0,12,12,12,34,13,15,16,0,13,13,13,34,13,16,17,0,14,14,14,34,13,17,18,0,15,15,15,34,14,18,23,0,16,16,16,34,15,14,19,0,17,17,17,34,16,15,20,0,18,18,18,34,17,16,21,0,19,19,19,34,18,17,22,0,20,20,20,34,14,23,19,0,21,21,21,34,15,19,20,0,22,22,22,34,16,20,21,0,23,23,23,34,17,21,22,0,24,24,24,34,18,22,23,0,25,25,25,34,19,23,24,0,26,26,26,34,20,19,24,0,27,27,27,34,21,20,24,0,28,28,28,34,22,21,24,0,29,29,29,34,23,22,24,0,30,30,30],
    "normals":[0.666667,-0.666667,-0.333333,0.666667,0.666667,-0.333333,-0.666667,0.666667,-0.333333,-0.666667,-0.666667,-0.333333,0,0,1,-1,0,-0,0,-1,0,1,0,0,0,1,-0,-0,0,1,-0,0,-1,0.187597,0.577354,0.794651,0.607065,0,0.794652,-0.491122,0.356829,0.794652,-0.491122,-0.356829,0.794652,0.187597,-0.577354,0.794651,0.982246,0,0.187597,0.303536,0.934172,0.187589,-0.794649,0.577359,0.187587,-0.794649,-0.577359,0.187587,0.303536,-0.934172,0.187589,0.794649,0.577359,-0.187587,-0.303536,0.934172,-0.187589,-0.982246,0,-0.187597,-0.303536,-0.934172,-0.187589,0.794649,-0.577359,-0.187587,0.491122,0.356829,-0.794652,-0.187597,0.577354,-0.794651,-0.607065,0,-0.794652,-0.187597,-0.577354,-0.794651,0.491122,-0.356829,-0.794652],
    "metadata":{
        "materials":1,
        "generator":"io_three",
        "faces":31,
        "type":"Geometry",
        "version":3,
        "uvs":0,
        "vertices":25,
        "normals":31,
        "bones":3
    },
    "bones":[{
        "pos":[0,-3.27599,-0],
        "parent":-1,
        "rotq":[0,0,0,1],
        "name":"Bone"
    },{
        "pos":[0,2.24627,-0],
        "parent":0,
        "rotq":[0,0,0,1],
        "name":"Bone.001"
    },{
        "pos":[0,2.29596,-0],
        "parent":1,
        "rotq":[0,0,0,1],
        "name":"Bone.002"
    }],
    "name":"Cube.001Geometry.1"
}