{
    "influencesPerVertex":2,
    "uvs":[],
    "vertices":[1,-3.80607,-1,1,-3.80607,1,-1,-3.80607,1,-1,-3.80607,-1,1,3.80607,-1,0.999999,3.80607,1,-1,3.80607,0.999999,-1,3.80607,-1,1,2.01876,-1,0.999999,2.01876,1,-1,2.01876,1,-1,2.01876,-1,1,-0.059704,-1,1,-0.059704,1,-1,-0.059704,1,-1,-0.059704,-1,1,-1.86918,-1,1,-1.86918,1,-1,-1.86918,1,-1,-1.86918,-1],
    "materials":[{
        "transparent":false,
        "opacity":1,
        "DbgColor":15658734,
        "colorDiffuse":[0.64,0.64,0.64],
        "shading":"phong",
        "colorEmissive":[0,0,0],
        "blending":"NormalBlending",
        "specularCoef":50,
        "depthTest":true,
        "colorSpecular":[0.5,0.5,0.5],
        "depthWrite":true,
        "wireframe":false,
        "DbgIndex":0,
        "DbgName":"Material",
        "visible":true
    }],
    "skinWeights":[0.980493,0,0.982046,0,0.980493,0,0.982046,0,0.980958,0,0.982495,0,0.980958,0,0.982495,0,0.908685,0.081141,0.908811,0.081028,0.908685,0.081141,0.908811,0.081028,0.808659,0.101401,0.808642,0.101409,0.808659,0.101401,0.808642,0.101409,0.894883,0.094596,0.895003,0.094487,0.894883,0.094596,0.895003,0.094487],
    "skinIndices":[0,0,0,0,0,0,0,0,3,0,3,0,3,0,3,0,3,1,3,1,3,1,3,1,1,0,1,0,1,0,1,0,0,1,0,1,0,1,0,1],
    "faces":[35,0,1,2,3,0,0,0,0,0,35,4,7,6,5,0,1,1,1,1,35,8,4,5,9,0,2,2,2,2,35,9,5,6,10,0,3,3,3,3,35,10,6,7,11,0,4,4,4,4,35,16,0,3,19,0,5,5,5,5,35,4,8,11,7,0,6,6,6,6,35,14,10,11,15,0,7,7,7,7,35,13,9,10,14,0,8,8,8,8,35,12,8,9,13,0,9,9,9,9,35,16,12,13,17,0,10,10,10,10,35,17,13,14,18,0,11,11,11,11,35,18,14,15,19,0,12,12,12,12,35,8,12,15,11,0,13,13,13,13,35,2,18,19,3,0,14,14,14,14,35,1,17,18,2,0,15,15,15,15,35,0,16,17,1,0,16,16,16,16,35,12,16,19,15,0,17,17,17,17],
    "normals":[0,0,1,0,0,-1,1,1e-06,-0,-0,1,-0,-1,-0,0,0,-1,-0,0,-1,-0,-1,-0,0,-0,1,-0,1,0,-0,1,0,-0,-0,1,-0,-1,-0,0,0,-1,-0,-1,-0,0,-0,1,0,1,0,0,0,-1,0],
    "metadata":{
        "materials":1,
        "generator":"io_three",
        "faces":18,
        "type":"Geometry",
        "version":3,
        "uvs":0,
        "vertices":20,
        "normals":18,
        "bones":4
    },
    "bones":[{
        "pos":[0,-3.76586,-0],
        "parent":-1,
        "rotq":[0,0,0,1],
        "name":"Bone"
    },{
        "pos":[0,2.04182,-0],
        "parent":0,
        "rotq":[0,0,0,1],
        "name":"Bone.001"
    },{
        "pos":[0,1.74345,-0],
        "parent":1,
        "rotq":[0,0,0,1],
        "name":"Bone.002"
    },{
        "pos":[0,1.92418,-0],
        "parent":2,
        "rotq":[0,0,0,1],
        "name":"Bone.003"
    }],
    "name":"CubeGeometry.2"
}